0,0,0,5,2
0.1,0.5,0.2,5.01075334279092,2.0366777002919
0.2,1.00107533427909,0.40366777002919,4.96557640557085,2.05392116669926
0.3,1.49763297483618,0.609059886699117,4.97195171036803,2.02776740077316
0.4,1.99482814587298,0.811836626776433,4.96327986992192,2.03461989010393
0.5,2.49115613286517,1.01529861578683,5.03484780871643,2.09000863070163
0.6,2.99464091373681,1.22429947885699,5.0078500699133,2.15070710002827
0.7,3.49542592072814,1.43937018885982,5.02235815441222,2.14944600256447
0.8,3.99766173616937,1.65431478911626,5.03665301248874,2.14534668139848
0.9,4.50132703741824,1.86884945725611,5.03417012552442,2.17514063355419
1,5.00474404997068,2.08636352061153,5.06235081532043,2.20348448182278
1.1,5.51097913150273,2.30671196879381,5.07578075799259,2.17933474336908
1.2,6.01855720730198,2.52464544313072,5.09012553101917,2.21193944915237
1.3,6.5275697604039,2.74583938804595,5.0999034064254,2.23263330935073
1.4,7.03756010104644,2.96910271898103,5.11444110909307,2.22656449085501
1.5,7.54900421195575,3.19175916806653,5.120318538435,2.21081883477984
1.6,8.06103606579925,3.41284105154451,5.13808645107015,2.18787743264045
1.7,8.57484471090626,3.63162879480856,5.11670904190679,2.17168745875196
1.8,9.08651561509694,3.84879754068375,5.0578233586669,2.20045506460826
1.9,9.59229795096363,4.06884304714458,5.06432716945602,2.18535649822486
2,10.0987306679092,4.28737869696706,5.09173314025792,2.15112616984779
2.1,10.607903981935,4.50249131395184,5.08968829133621,2.14629722901564
2.2,11.1168728110686,4.71712103685341,5.09607242611952,2.15255440094839
2.3,11.6264800536806,4.93237647694824,5.07877482777304,2.15195337502447
2.4,12.1343575364579,5.14757181445069,5.07547724738886,2.16450752077504
2.5,12.6419052611968,5.3640225665282,5.09734256076965,2.18669298672733
2.6,13.1516395172738,5.58269186520093,5.08006950432987,2.18824016854994
2.7,13.6596464677067,5.80151588205592,5.05578716345756,2.1659701537202
2.8,14.1652251840525,6.01811289742794,5.0556501768955,2.1966227598859
2.9,14.670790201742,6.23777517341653,5.04025685862042,2.2040503361411
3,15.1748158876041,6.45818020703064,5.035745170575,2.22639745891739
3.1,15.6783904046616,6.68081995292238,5.01396388467395,2.22704860820069
3.2,16.179786793129,6.90352481374245,5.0250144250962,2.2490608125583
3.3,16.6822882356386,7.12843089499828,5.05589866300628,2.25077943522181
3.4,17.1878781019392,7.35350883852046,5.02606685679352,2.23593339847662
3.5,17.6904847876186,7.57710217836812,5.00483522212712,2.28294254295666
3.6,18.1909683098313,7.80539643266379,4.99252318449779,2.29790407863074
3.7,18.6902206282811,8.03518684052686,4.98867481428602,2.31567628713915
3.8,19.1890881097097,8.26675446924078,4.97337782955466,2.28763090775238
3.9,19.6864258926651,8.49551756001601,4.94493031105283,2.29739478594957
4,20.1809189237704,8.72525703861097,4.94138280792046,2.29347371619343
4.1,20.6750572045625,8.95460441023031,4.96976901093331,2.29930540367311
4.2,21.1720341056558,9.18453495059762,4.9737252320026,2.33105938547259
4.3,21.6694066288561,9.41764088914488,4.95763591287561,2.34499187378958
4.4,22.1651702201436,9.65214007652384,4.97433767617706,2.34011757098203
4.5,22.6626039877613,9.88615183362204,4.97865107790513,2.31680069235238
4.6,23.1604690955518,10.1178319028573,4.95569202232716,2.31889818667271
4.7,23.6560382977846,10.3497217215246,4.97013710297166,2.37060801172504
4.8,24.1530520080817,10.5867825226971,4.95679928955763,2.37435463221662
4.9,24.6487319370375,10.8242179859187,4.95514940105021,2.3356941738596
5,25.1442468771425,11.0577874033047,4.94637007797152,2.2998005970305
5.1,25.6388838849397,11.2877674630077,4.9631775885666,2.28203995538392
5.2,26.1352016437963,11.5159714585461,4.96517944522938,2.2711493767841
5.3,26.6317195883193,11.7430863962245,4.97124986112237,2.25914284554143
5.4,27.1288445744315,11.9690006807787,4.98104916754585,2.27393010801352
5.5,27.6269494911861,12.19639369158,5.01528692320548,2.27004763729835
5.6,28.1284781835066,12.4233984553099,4.97251981781668,2.25325586235162
5.7,28.6257301652883,12.648724041545,4.99961170437678,2.23181275658394
5.8,29.125691335726,12.8719053172034,5.01883078177159,2.234293752584
5.9,29.6275744139031,13.0953346924618,5.04756471422596,2.1950757525967
6,30.1323308853257,13.3148422677215,5.04361074970648,2.1709188428915
6.1,30.6366919602964,13.5319341520106,5.10177091032107,2.18742322077607
6.2,31.1468690513285,13.7506764740882,5.1293503498794,2.16625961561633
6.3,31.6598040863164,13.9673024356499,5.11997803825739,2.16081022743132
6.4,32.1718018901422,14.183383458393,5.14194653061516,2.15525278877557
6.5,32.6859965432037,14.3989087372706,5.15597735977843,2.11421646277735
6.6,33.2015942791815,14.6103303835483,5.14890035982294,2.09774473227421
6.7,33.7164843151638,14.8201048567757,5.11735921936695,2.10790422529233
6.8,34.2282202371005,15.030895279305,5.12299890064037,2.10857382293722
6.9,34.7405201271645,15.2417526615987,5.0963253417718,2.13112366850405
7,35.2501526613417,15.4548650284491,5.10332892998387,2.12514234789739
7.1,35.7604855543401,15.6673792632388,5.1037867258389,2.11990243919807
7.2,36.270864226924,15.8793695071586,5.06878247846997,2.11418941976616
7.3,36.777742474771,16.0907884491352,5.05215514823861,2.09460529366282
7.4,37.2829579895949,16.3002489785015,5.02902711512533,2.0839341514765
7.5,37.7858607011074,16.5086423936492,4.98897440040767,2.10321873992913
7.6,38.2847581411482,16.7189642676421,4.99937560243678,2.10281818289628
7.7,38.7846957013918,16.9292460859317,4.99868018071621,2.08685491120499
7.8,39.2845637194635,17.1379315770522,5.01905388635878,2.08419056161484
7.9,39.7864691080993,17.3463506332137,5.00476328308304,2.11121827698337
8,40.2869454364076,17.557472460912,5.00026786196199,2.09943769636896
8.1,40.7869722226038,17.7674162305489,4.99439279000728,2.0824791714962
8.2,41.2864115016046,17.9756641476986,4.97199022398241,2.13299916533856
8.3,41.7836105240028,18.1889640642324,5.00510017584015,2.13914986852333
8.4,42.2841205415868,18.4028790510847,4.97995780865311,2.12184050791223
8.5,42.7821163224521,18.615063101876,4.97642712636848,2.13766882914481
8.6,43.279759035089,18.8288299847904,4.94978703794218,2.0910714860287
8.7,43.7747377388832,19.0379371333933,4.9208050920854,2.09774170269002
8.8,44.2668182480917,19.2477113036623,4.92863216417406,2.10677529106858
8.9,44.7596814645091,19.4583888327692,4.92602647111115,2.11044907298582
9,45.2522841116202,19.6694337400678,4.91650341077876,2.12768950521696
9.1,45.7439344526981,19.8822026905895,4.88926952136135,2.13679009634585
9.2,46.2328614048343,20.095881700224,4.87229533376268,2.13009235756657
9.3,46.7200909382105,20.3088909359807,4.88335100068157,2.15087417063667
9.4,47.2084260382787,20.5239783530444,4.86099822701626,2.17608734481909
9.5,47.6945258609803,20.7415870875263,4.8742010898372,2.17473003374823
9.6,48.181945969964,20.9590600909011,4.87029666587923,2.17037790674537
9.7,48.6689756365519,21.1760978815756,4.86423451345219,2.17083881923387
9.8,49.1553990878972,21.393181763499,4.86526032056917,2.1873600750381
9.9,49.6419251199541,21.6119177710028,4.89579985430384,2.1966983637518
10,50.1315051053845,21.831587607378,4.89160558753606,2.20920217089355
10.1,50.6206656641381,22.0525078244674,4.89527013279609,2.18860682002222
10.2,51.1101926774177,22.2713685064696,4.91425456941871,2.19474805840515
10.3,51.6016181343595,22.4908433123101,4.9169580682607,2.20505298511565
10.4,52.0933139411856,22.7113486108217,4.92218619474181,2.18622326969654
10.5,52.5855325606598,22.9299709377913,4.91893944128573,2.18330217700991
10.6,53.0774265047884,23.1483011554923,4.90829921374955,2.21694424890317
10.7,53.5682564261633,23.3699955803826,4.89078462682635,2.20726794790097
10.8,54.057334888846,23.5907223751727,4.87654453584581,2.18378370127183
10.9,54.5449893424305,23.8091007452999,4.87269974549502,2.17830229667318
11,55.03225931698,24.0269309749672,4.9033011957835,2.17332180182291
11.1,55.5225894365584,24.2442631551495,4.88201692752572,2.20539094778531
11.2,56.010791129311,24.4648022499281,4.90671051046353,2.20079841876604
11.3,56.5014621803573,24.6848820918047,4.87658731638394,2.1919058624371
11.4,56.9891209119957,24.9040726780484,4.87346849566944,2.19742722751573
11.5,57.4764677615627,25.1238154007999,4.86824522275391,2.20629566577382
11.6,57.963292283838,25.3444449673773,4.87608310694256,2.18128208763729
11.7,58.4509005945323,25.5625731761411,4.85712388849593,2.16645996575848
11.8,58.9366129833819,25.7792191727169,4.84696753749037,2.16004845562648
11.9,59.4213097371309,25.9952240182796,4.8472169183176,2.09946490879839
12,59.9060314289627,26.2051705091594,4.83807662550017,2.12431387692621
12.1,60.3898390915127,26.417601896852,4.81674259752047,2.14298844017963
12.2,60.8715133512647,26.63190074087,4.8237490175476,2.14240832490546
12.3,61.3538882530195,26.8461415733605,4.82739806089771,2.11110720462244
12.4,61.8366280591093,27.0572522938228,4.82570727130136,2.1431861316345
12.5,62.3191987862394,27.2715709069862,4.82767422679416,2.14401360390429
12.6,62.8019662089188,27.4859722673766,4.81299084454023,2.14339732930405
12.7,63.2832652933729,27.7003120003071,4.81763778479272,2.15192508045223
12.8,63.7650290718521,27.9155045083523,4.81018160995825,2.14719598877708
12.9,64.246047232848,28.13022410723,4.85065542769031,2.10202890936716
13,64.731112775617,28.3404269981667,4.89524434129945,2.10878018337942
13.1,65.2206372097469,28.5513050165046,4.91524555769123,2.07549689387968
13.2,65.7121617655161,28.7588547058926,4.90344486640712,2.06993561060437
13.3,66.2025062521568,28.965848266953,4.91189918023153,2.03653159664736
13.4,66.6936961701799,29.1695014266178,4.92133186675986,2.01227465265387
13.5,67.1858293568559,29.3707288918832,4.92265566772835,2.0253217704271
13.6,67.6780949236287,29.5732610689259,4.92919686707189,2.04697444051184
13.7,68.1710146103359,29.7779585129771,4.94931840928828,2.03395628577988
13.8,68.6659464512648,29.981354141555,4.95445953243695,2.0150687296518
13.9,69.1613924045084,30.1828610145202,4.9280237620091,2.03356524832167
14,69.6541947807094,30.3862175393524,4.92802475899061,2.03246687002948
14.1,70.1469972566084,30.5894642263553,4.94624730430369,2.04435854397767
14.2,70.6416219870388,30.7939000807531,4.95325132778118,2.06936356854377
14.3,71.1369471198169,31.0008364376075,4.97184711695233,2.07415883368494
14.4,71.6341318315121,31.208252320976,4.95803989489011,2.06112776084993
14.5,72.1299358210011,31.414365097061,4.98188193230073,2.02889115307637
14.6,72.6281240142312,31.6172542123686,4.98139269356801,1.9899142095384
14.7,73.126263283588,31.8162456333224,5.00180265385707,2.00714853558627
14.8,73.6264435489737,32.0169604868811,5.00182589552674,2.00573179132306
14.9,74.1266261385264,32.2175336660134,4.95210021711267,2.01735523777657
15,74.6218361602377,32.419269189791,4.90825151871335,1.97096963164371
15.1,75.112661312109,32.6163661529554,4.90985019291932,1.9520000119723
15.2,75.6036463314009,32.8115661541526,4.91808000534779,1.96553956808598
15.3,76.0954543319357,33.0081201109612,4.9352346562519,1.95171638557832
15.4,76.5889777975609,33.2032917495191,4.94422220871523,1.95372905258462
15.5,77.0834000184324,33.3986646547775,4.96074360868463,1.96445219418314
15.6,77.5794743793009,33.5951098741958,4.97870137720433,1.96181343682465
15.7,78.0773445170213,33.7912912178783,4.97575734808131,1.98196890493076
15.8,78.5749202518295,33.9894881083714,4.93328423883299,1.97187717682048
15.9,79.0682486757128,34.1866758260534,4.90787234983682,1.96422548076632
16,79.5590359106965,34.3830983741301,4.92084593507779,1.98074002375116
16.1,80.0511205042042,34.5811723765052,4.90054706222419,1.97131862549749
16.2,80.5411752104267,34.7783042390549,4.90328755970679,1.96548135798242
16.3,81.0315039663973,34.9748523748532,4.90932393081201,1.97347997684154
16.4,81.5224363594785,35.1722003725373,4.89072469963321,1.96994337152295
16.5,82.0115088294419,35.3691947096896,4.84808280764998,1.99285060573332
16.6,82.4963171102068,35.5684797702629,4.83550099243009,1.96877360625328
16.7,82.9798672094498,35.7653571308883,4.83042209876164,1.94020066896064
16.8,83.462909419326,35.9593771977843,4.83000494640761,1.92898736903007
16.9,83.9459099139668,36.1522759346873,4.87356052059129,1.95175667677667
17,84.4332659660259,36.347451602365,4.8236227905276,1.96058321541122
17.1,84.9156282450787,36.5435099239061,4.79566003301138,1.9554821118136
17.2,85.3951942483798,36.7390581350875,4.79894811447775,1.97043679238976
17.3,85.8750890598276,36.9361018143265,4.79348717548969,2.00196279532069
17.4,86.3544377773766,37.1362980938585,4.78386843245412,2.00851303773728
17.5,86.832824620622,37.3371493976323,4.79716311486667,2.0102168095917
17.6,87.3125409321086,37.5381710785914,4.81478217057429,2.01668107234865
17.7,87.7940191491661,37.7398391858263,4.79909924690101,1.98057360532093
17.8,88.2739290738562,37.9378965463584,4.83627110587212,1.96848300354544
17.9,88.7575561844434,38.1347448467129,4.83833830031833,1.97974634264836
18,89.2413900144752,38.3327194809778,4.84061024025301,1.9616518183924
18.1,89.7254510385005,38.528884662817,4.83125594860398,1.95915401944794
18.2,90.2085766333609,38.7248000647618,4.86083511843406,1.9419377056478
18.3,90.6946601452043,38.9189938353266,4.87652848777981,1.94811016844677
18.4,91.1823129939823,39.1138048521713,4.87185128693723,1.92697071352757
18.5,91.669498122676,39.306501923524,4.86616846784471,1.92523690787838
18.6,92.1561149694605,39.4990256143119,4.83678056635498,1.9290805527758
18.7,92.639793026096,39.6919336695894,4.82033470082918,1.9271957410166
18.8,93.1218264961789,39.8846532436911,4.82705896764826,1.90910265983167
18.9,93.6045323929437,40.0755635096743,4.82129384042415,1.91610391498235
19,94.0866617769861,40.2671739011725,4.78457665757406,1.93682343314726
19.1,94.5651194427436,40.4608562444872,4.83306588047285,1.95601144333542
19.2,95.0484260307908,40.6564573888208,4.82675044057266,1.96458389693261
19.3,95.5311010748481,40.852915778514,4.80603074500239,2.00214120614252
19.4,96.0117041493483,41.0531298991283,4.82484483306944,2.01788812174123
19.5,96.4941886326553,41.2549187113024,4.8073273478303,2.02428710442888
19.6,96.9749213674383,41.4573474217453,4.79616146213329,2.01805851605794
19.7,97.4545375136516,41.6591532733511,4.78476126380044,1.99754384374536
19.8,97.9330136400317,41.8589076577256,4.76658635206296,1.99334589706425
19.9,98.409672275238,42.058242247432,4.7326090703795,2.00549790858117
20,98.8829331822759,42.2587920382902,4.73025310459414,2.01948111525406
20.1,99.3559584927354,42.4607401498156,4.73564607742848,2.02936685636165
20.2,99.8295231004782,42.6636768354517,4.70598365697816,2.00896156864799
20.3,100.300121466176,42.8645729923165,4.69704375676327,2.01115474047454
20.4,100.769825841852,43.065688466364,4.71961848580383,2.00535547965854
20.5,101.241787690433,43.2662240143298,4.74484950016666,2.01486397589268
20.6,101.716272640449,43.4677104119191,4.76833183519653,2.01740291725356
20.7,102.193105823969,43.6694507036445,4.75519551661757,1.98777493582198
20.8,102.668625375631,43.8682281972267,4.75830529653565,2.0041459631924
20.9,103.144455905284,44.0686427935459,4.75245353391896,1.99333023486263
21,103.619701258676,44.2679758170322,4.74628069761336,1.97139836883212
21.1,104.094329328438,44.4651156539154,4.73642050130703,1.96778358170382
21.2,104.567971378568,44.6618940120858,4.7373373234213,1.96650791930337
21.3,105.04170511091,44.8585448040161,4.7495640273026,1.96869427317887
21.4,105.516661513641,45.055414231334,4.78584433630821,1.97493474974546
21.5,105.995245947271,45.2529077063085,4.8219342117427,1.96047232015405
21.6,106.477439368446,45.4489549383239,4.83246515249769,1.95526730291993
21.7,106.960685883696,45.6444816686159,4.84446800267386,1.9671459188329
21.8,107.445132683963,45.8411962604992,4.8007475704189,1.9406050558425
21.9,107.925207441005,46.0352567660835,4.77192729846612,1.94864194578329
22,108.402400170851,46.2301209606618,4.80133132408309,1.94210566120757
22.1,108.88253330326,46.4243315267826,4.8175777841759,1.9530164632781
22.2,109.364291081677,46.6196331731104,4.79654513798549,1.960965803194
22.3,109.843945595476,46.8157297534298,4.78150724321185,1.99129114112692
22.4,110.322096319797,47.0148588675425,4.78085591302796,2.02401113427249
22.5,110.8001819111,47.2172599809697,4.77235474321576,2.03579980160685
22.6,111.277417385421,47.4208399611304,4.77109891870139,1.99536062300582
22.7,111.754527277292,47.620376023431,4.75145628818581,2.00761084896915
22.8,112.22967290611,47.8211371083279,4.75035856558604,1.9852362089201
22.9,112.704708762669,48.0196607292199,4.73783099480869,1.99022656373136
23,113.17849186215,48.218683385593,4.7179706146777,2.00972556822758
23.1,113.650288923617,48.4196559424158,4.70515642454318,2.04590282063797
23.2,114.120804566072,48.6242462244796,4.6835590995284,2.04988660951947
23.3,114.589160476025,48.8292348854315,4.65313856829303,2.03541398701369
23.4,115.054474332854,49.0327762841329,4.64127356199281,2.04344071381007
23.5,115.518601689053,49.2371203555139,4.66011622837755,2.04945043316198
23.6,115.984613311891,49.4420653988301,4.65265481520493,2.06576020332383
23.7,116.449878793411,49.6486414191625,4.66863255504806,2.06816430896296
23.8,116.916742048916,49.8554578500588,4.68005750764235,2.07642022916919
23.9,117.38474779968,50.0630998729757,4.66031826997532,2.09161159568748
24,117.850779626678,50.2722610325445,4.64717424399336,2.07953322605996
24.1,118.315497051077,50.4802143551505,4.65071318043994,2.0733831566627
24.2,118.780568369121,50.6875526708167,4.64807677338163,2.08529031014039
24.3,119.245376046459,50.8960817018308,4.66901342906773,2.08133113748815
24.4,119.712277389366,51.1042148155796,4.67556699234588,2.07656510739635
24.5,120.179834088601,51.3118713263192,4.68015893021028,2.08536506549281
24.6,120.647849981622,51.5204078328685,4.6678216116325,2.09086180123104
24.7,121.114632142785,51.7294940129916,4.67984365228186,2.09270796025582
24.8,121.582616508013,51.9387648090172,4.71444048011331,2.08053681136105
24.9,122.054060556025,52.1468184901533,4.69969928467935,2.0455392252333
25,122.524030484493,52.3513724126766,4.7179089362723,2.06288087629225
25.1,122.99582137812,52.5576605003059,4.71631107949114,2.08085039607979
25.2,123.467452486069,52.7657455399138,4.71998514795296,2.08666619877748
25.3,123.939451000864,52.9744121597916,4.72224404229338,2.09546524255493
25.4,124.411675405094,53.1839586840471,4.72427729116739,2.1512119471112
25.5,124.88410313421,53.3990798787582,4.70094399056349,2.1141259654574
25.6,125.354197533267,53.6104924753039,4.6781303676701,2.09225909633261
25.7,125.822010570034,53.8197183849372,4.66945818174061,2.0888896987671
25.8,126.288956388208,54.0286073548139,4.66508751054007,2.09971638748149
25.9,126.755465139262,54.2385789935621,4.67287283461694,2.11474096717525
26,127.222752422723,54.4500530902796,4.70843795260276,2.13920221820993
26.1,127.693596217984,54.6639733121006,4.68277283051066,2.09262312788426
26.2,128.161873501035,54.873235624889,4.7008114598497,2.05591035420956
26.3,128.63195464702,55.07882666031,4.70214659807843,2.05661994392631
26.4,129.102169306828,55.2844886547026,4.74668995964179,2.05523565884587
26.5,129.576838302792,55.4900122205872,4.7365434983495,2.05995185229739
26.6,130.050492652627,55.6960074058169,4.74145959538738,2.06135275648573
26.7,130.524638612165,55.9021426814655,4.72928798518578,2.036900888882
26.8,130.997567410684,56.1058327703537,4.73561799240173,2.01004350414956
26.9,131.471129209924,56.3068371207686,4.71497430552029,2.03666782185086
27,131.942626640476,56.5105039029537,4.70659624161969,2.03386138740973
27.1,132.413286264638,56.7138900416947,4.72459268819764,2.02785916729742
27.2,132.885745533458,56.9166759584244,4.7451800024397,2.02095784786607
27.3,133.360263533702,57.118771743211,4.76543603972496,2.0335445395647
27.4,133.836807137674,57.3221261971675,4.76117573807214,2.01623059339749
27.5,134.312924711482,57.5237492565073,4.74031357204539,2.01082921714453
27.6,134.786956068686,57.7248321782217,4.73155074493334,2.0026557308486
27.7,135.26011114318,57.9250977513066,4.75122164963745,1.99670178796841
27.8,135.735233308143,58.1247679301034,4.77409522785287,1.98606938561827
27.9,136.212642830929,58.3233748686653,4.79354654241305,1.9756243759184
28,136.69199748517,58.5209373062571,4.79707809830589,1.9950391323895
28.1,137.171705295,58.7204412194961,4.78879865280641,1.9862737220254
28.2,137.650585160281,58.9190685916986,4.82886646502365,2.00529359201638
28.3,138.133471806783,59.1195979509002,4.8202263881491,2.01827240676365
28.4,138.615494445598,59.3214251915766,4.81302486212602,2.03239010715064
28.5,139.096796931811,59.5246642022917,4.84134184349475,2.0002997937787
28.6,139.58093111616,59.7246941816695,4.86191890487479,2.02945914939194
28.7,140.067123006648,59.9276400966087,4.86286833134029,2.06438428359431
28.8,140.553409839782,60.1340785249682,4.86597608162431,2.03964188990105
28.9,141.040007447944,60.3380427139583,4.82210619604762,2.03297374855578
29,141.522218067549,60.5413400888138,4.8363770620989,2.03932190322047
29.1,142.005855773759,60.7452722791359,4.84464926990476,2.02778019154771
29.2,142.490320700749,60.9480502982907,4.84752930593285,1.99500687694903
29.3,142.975073631343,61.1475509859856,4.83232750596015,1.97863101502403
29.4,143.458306381939,61.345414087488,4.84272208372282,1.97834781384208
29.5,143.942578590311,61.5432488688722,4.81961149635707,1.97815731552012
29.6,144.424539739947,61.7410646004242,4.80581528560444,1.9648233324481
29.7,144.905121268507,61.937546933669,4.82309827402774,1.96709172117263
29.8,145.38743109591,62.1342561057863,4.83106553095106,1.98477111897733
29.9,145.870537649005,62.332733217684,4.8346706848308,1.99578820941848
30,146.354004717488,62.5323120386258,4.84832997035304,2.01920038261919
